texto_A,texto_B,etiqueta
"La integración de la inteligencia artificial en la educación se ha convertido en un tema central en los debates actuales. En los últimos años, diversos estudios han mostrado cómo la integración de la inteligencia artificial en la educación afecta tanto a las personas como a las instituciones. Las decisiones que se tomen hoy en relación con este fenómeno pueden influir en la calidad de vida de las próximas décadas.

Aunque existe un consenso general sobre su importancia, todavía hay desafíos pendientes. Se requiere inversión, políticas públicas bien diseñadas y una ciudadanía informada para aprovechar las oportunidades asociadas a la integración de la inteligencia artificial en la educación y, al mismo tiempo, mitigar sus riesgos. La colaboración entre gobierno, academia y sociedad civil es clave para lograr avances sostenibles.","La integración de la inteligencia artificial en la educación se ha convertido en un tema central en los debates actuales. En los últimos años, numerosas investigaciones han demostrado cómo la integración de la inteligencia artificial en la educación afecta tanto a las personas como a las instituciones. Las decisiones que se tomen hoy en relación con este fenómeno pueden influir en la calidad de vida de las próximas décadas.

Aunque existe un consenso general sobre su importancia, aún persisten varios retos importantes. Se requiere inversión, políticas públicas bien diseñadas y una ciudadanía informada para sacar el máximo provecho de las oportunidades vinculadas a la integración de la inteligencia artificial en la educación y, al mismo tiempo, mitigar sus riesgos. La colaboración entre gobierno, academia y sociedad civil es clave para lograr avances sostenibles.",plagio_alto
"La integración de la inteligencia artificial en la educación se ha convertido en un tema central en los debates actuales. En los últimos años, diversos estudios han mostrado cómo la integración de la inteligencia artificial en la educación afecta tanto a las personas como a las instituciones. Las decisiones que se tomen hoy en relación con este fenómeno pueden influir en la calidad de vida de las próximas décadas.

Aunque existe un consenso general sobre su importancia, todavía hay desafíos pendientes. Se requiere inversión, políticas públicas bien diseñadas y una ciudadanía informada para aprovechar las oportunidades asociadas a la integración de la inteligencia artificial en la educación y, al mismo tiempo, mitigar sus riesgos. La colaboración entre gobierno, academia y sociedad civil es clave para lograr avances sostenibles.","En los debates contemporáneos, la integración de la inteligencia artificial en la educación ocupa un lugar cada vez más visible. Investigaciones recientes señalan que este fenómeno tiene efectos directos sobre la vida cotidiana y sobre la manera en que operan distintas organizaciones. Las decisiones que se adopten en el presente podrían marcar el rumbo de las próximas generaciones.

A pesar de que muchas personas reconocen su relevancia, todavía no existe una respuesta definitiva sobre cómo gestionarlo de forma adecuada. Es necesario combinar recursos económicos, marcos normativos claros y procesos de participación ciudadana para orientar el desarrollo de la integración de la inteligencia artificial en la educación hacia resultados más justos y sostenibles.",plagio_moderado
"La integración de la inteligencia artificial en la educación se ha convertido en un tema central en los debates actuales. En los últimos años, diversos estudios han mostrado cómo la integración de la inteligencia artificial en la educación afecta tanto a las personas como a las instituciones. Las decisiones que se tomen hoy en relación con este fenómeno pueden influir en la calidad de vida de las próximas décadas.

Aunque existe un consenso general sobre su importancia, todavía hay desafíos pendientes. Se requiere inversión, políticas públicas bien diseñadas y una ciudadanía informada para aprovechar las oportunidades asociadas a la integración de la inteligencia artificial en la educación y, al mismo tiempo, mitigar sus riesgos. La colaboración entre gobierno, academia y sociedad civil es clave para lograr avances sostenibles.","La integración de la inteligencia artificial en la educación puede entenderse como un proceso en transformación constante. En lugar de analizar únicamente sus efectos inmediatos, es útil considerar también sus implicaciones a largo plazo. Este enfoque permite valorar con mayor precisión los beneficios y los riesgos que puede generar.

Uno de los desafíos principales consiste en diseñar estrategias que sean flexibles y que se adapten a contextos muy diferentes. No basta con aplicar una sola solución; se requiere experimentar, evaluar y ajustar continuamente las acciones relacionadas con la integración de la inteligencia artificial en la educación.",plagio_leve
"La integración de la inteligencia artificial en la educación se ha convertido en un tema central en los debates actuales. En los últimos años, diversos estudios han mostrado cómo la integración de la inteligencia artificial en la educación afecta tanto a las personas como a las instituciones. Las decisiones que se tomen hoy en relación con este fenómeno pueden influir en la calidad de vida de las próximas décadas.

Aunque existe un consenso general sobre su importancia, todavía hay desafíos pendientes. Se requiere inversión, políticas públicas bien diseñadas y una ciudadanía informada para aprovechar las oportunidades asociadas a la integración de la inteligencia artificial en la educación y, al mismo tiempo, mitigar sus riesgos. La colaboración entre gobierno, academia y sociedad civil es clave para lograr avances sostenibles.","La historia del arte renacentista constituye un campo de estudio independiente, con preguntas y métodos propios. A lo largo de la historia, especialistas han dedicado décadas a documentar y analizar sus características más relevantes, generando un cuerpo amplio de conocimientos.

Actualmente, el interés por la historia del arte renacentista continúa vigente gracias a proyectos de investigación, exposiciones y actividades educativas. Estas iniciativas permiten que nuevas generaciones se acerquen al tema y comprendan mejor su valor cultural e histórico.",no_plagio
"El impacto del cambio climático en las ciudades costeras se ha convertido en un tema central en los debates actuales. En los últimos años, diversos estudios han mostrado cómo el impacto del cambio climático en las ciudades costeras afecta tanto a las personas como a las instituciones. Las decisiones que se tomen hoy en relación con este fenómeno pueden influir en la calidad de vida de las próximas décadas.

Aunque existe un consenso general sobre su importancia, todavía hay desafíos pendientes. Se requiere inversión, políticas públicas bien diseñadas y una ciudadanía informada para aprovechar las oportunidades asociadas a el impacto del cambio climático en las ciudades costeras y, al mismo tiempo, mitigar sus riesgos. La colaboración entre gobierno, academia y sociedad civil es clave para lograr avances sostenibles.","El impacto del cambio climático en las ciudades costeras se ha convertido en un tema central en los debates actuales. En los últimos años, numerosas investigaciones han demostrado cómo el impacto del cambio climático en las ciudades costeras afecta tanto a las personas como a las instituciones. Las decisiones que se tomen hoy en relación con este fenómeno pueden influir en la calidad de vida de las próximas décadas.

Aunque existe un consenso general sobre su importancia, aún persisten varios retos importantes. Se requiere inversión, políticas públicas bien diseñadas y una ciudadanía informada para sacar el máximo provecho de las oportunidades vinculadas a el impacto del cambio climático en las ciudades costeras y, al mismo tiempo, mitigar sus riesgos. La colaboración entre gobierno, academia y sociedad civil es clave para lograr avances sostenibles.",plagio_alto
"El impacto del cambio climático en las ciudades costeras se ha convertido en un tema central en los debates actuales. En los últimos años, diversos estudios han mostrado cómo el impacto del cambio climático en las ciudades costeras afecta tanto a las personas como a las instituciones. Las decisiones que se tomen hoy en relación con este fenómeno pueden influir en la calidad de vida de las próximas décadas.

Aunque existe un consenso general sobre su importancia, todavía hay desafíos pendientes. Se requiere inversión, políticas públicas bien diseñadas y una ciudadanía informada para aprovechar las oportunidades asociadas a el impacto del cambio climático en las ciudades costeras y, al mismo tiempo, mitigar sus riesgos. La colaboración entre gobierno, academia y sociedad civil es clave para lograr avances sostenibles.","En los debates contemporáneos, el impacto del cambio climático en las ciudades costeras ocupa un lugar cada vez más visible. Investigaciones recientes señalan que este fenómeno tiene efectos directos sobre la vida cotidiana y sobre la manera en que operan distintas organizaciones. Las decisiones que se adopten en el presente podrían marcar el rumbo de las próximas generaciones.

A pesar de que muchas personas reconocen su relevancia, todavía no existe una respuesta definitiva sobre cómo gestionarlo de forma adecuada. Es necesario combinar recursos económicos, marcos normativos claros y procesos de participación ciudadana para orientar el desarrollo de el impacto del cambio climático en las ciudades costeras hacia resultados más justos y sostenibles.",plagio_moderado
"El impacto del cambio climático en las ciudades costeras se ha convertido en un tema central en los debates actuales. En los últimos años, diversos estudios han mostrado cómo el impacto del cambio climático en las ciudades costeras afecta tanto a las personas como a las instituciones. Las decisiones que se tomen hoy en relación con este fenómeno pueden influir en la calidad de vida de las próximas décadas.

Aunque existe un consenso general sobre su importancia, todavía hay desafíos pendientes. Se requiere inversión, políticas públicas bien diseñadas y una ciudadanía informada para aprovechar las oportunidades asociadas a el impacto del cambio climático en las ciudades costeras y, al mismo tiempo, mitigar sus riesgos. La colaboración entre gobierno, academia y sociedad civil es clave para lograr avances sostenibles.","El impacto del cambio climático en las ciudades costeras puede entenderse como un proceso en transformación constante. En lugar de analizar únicamente sus efectos inmediatos, es útil considerar también sus implicaciones a largo plazo. Este enfoque permite valorar con mayor precisión los beneficios y los riesgos que puede generar.

Uno de los desafíos principales consiste en diseñar estrategias que sean flexibles y que se adapten a contextos muy diferentes. No basta con aplicar una sola solución; se requiere experimentar, evaluar y ajustar continuamente las acciones relacionadas con el impacto del cambio climático en las ciudades costeras.",plagio_leve
"El impacto del cambio climático en las ciudades costeras se ha convertido en un tema central en los debates actuales. En los últimos años, diversos estudios han mostrado cómo el impacto del cambio climático en las ciudades costeras afecta tanto a las personas como a las instituciones. Las decisiones que se tomen hoy en relación con este fenómeno pueden influir en la calidad de vida de las próximas décadas.

Aunque existe un consenso general sobre su importancia, todavía hay desafíos pendientes. Se requiere inversión, políticas públicas bien diseñadas y una ciudadanía informada para aprovechar las oportunidades asociadas a el impacto del cambio climático en las ciudades costeras y, al mismo tiempo, mitigar sus riesgos. La colaboración entre gobierno, academia y sociedad civil es clave para lograr avances sostenibles.","Las técnicas tradicionales de cerámica constituye un campo de estudio independiente, con preguntas y métodos propios. A lo largo de la historia, especialistas han dedicado décadas a documentar y analizar sus características más relevantes, generando un cuerpo amplio de conocimientos.

Actualmente, el interés por las técnicas tradicionales de cerámica continúa vigente gracias a proyectos de investigación, exposiciones y actividades educativas. Estas iniciativas permiten que nuevas generaciones se acerquen al tema y comprendan mejor su valor cultural e histórico.",no_plagio
"La importancia del transporte público en la movilidad urbana se ha convertido en un tema central en los debates actuales. En los últimos años, diversos estudios han mostrado cómo la importancia del transporte público en la movilidad urbana afecta tanto a las personas como a las instituciones. Las decisiones que se tomen hoy en relación con este fenómeno pueden influir en la calidad de vida de las próximas décadas.

Aunque existe un consenso general sobre su importancia, todavía hay desafíos pendientes. Se requiere inversión, políticas públicas bien diseñadas y una ciudadanía informada para aprovechar las oportunidades asociadas a la importancia del transporte público en la movilidad urbana y, al mismo tiempo, mitigar sus riesgos. La colaboración entre gobierno, academia y sociedad civil es clave para lograr avances sostenibles.","La importancia del transporte público en la movilidad urbana se ha convertido en un tema central en los debates actuales. En los últimos años, numerosas investigaciones han demostrado cómo la importancia del transporte público en la movilidad urbana afecta tanto a las personas como a las instituciones. Las decisiones que se tomen hoy en relación con este fenómeno pueden influir en la calidad de vida de las próximas décadas.

Aunque existe un consenso general sobre su importancia, aún persisten varios retos importantes. Se requiere inversión, políticas públicas bien diseñadas y una ciudadanía informada para sacar el máximo provecho de las oportunidades vinculadas a la importancia del transporte público en la movilidad urbana y, al mismo tiempo, mitigar sus riesgos. La colaboración entre gobierno, academia y sociedad civil es clave para lograr avances sostenibles.",plagio_alto
"La importancia del transporte público en la movilidad urbana se ha convertido en un tema central en los debates actuales. En los últimos años, diversos estudios han mostrado cómo la importancia del transporte público en la movilidad urbana afecta tanto a las personas como a las instituciones. Las decisiones que se tomen hoy en relación con este fenómeno pueden influir en la calidad de vida de las próximas décadas.

Aunque existe un consenso general sobre su importancia, todavía hay desafíos pendientes. Se requiere inversión, políticas públicas bien diseñadas y una ciudadanía informada para aprovechar las oportunidades asociadas a la importancia del transporte público en la movilidad urbana y, al mismo tiempo, mitigar sus riesgos. La colaboración entre gobierno, academia y sociedad civil es clave para lograr avances sostenibles.","En los debates contemporáneos, la importancia del transporte público en la movilidad urbana ocupa un lugar cada vez más visible. Investigaciones recientes señalan que este fenómeno tiene efectos directos sobre la vida cotidiana y sobre la manera en que operan distintas organizaciones. Las decisiones que se adopten en el presente podrían marcar el rumbo de las próximas generaciones.

A pesar de que muchas personas reconocen su relevancia, todavía no existe una respuesta definitiva sobre cómo gestionarlo de forma adecuada. Es necesario combinar recursos económicos, marcos normativos claros y procesos de participación ciudadana para orientar el desarrollo de la importancia del transporte público en la movilidad urbana hacia resultados más justos y sostenibles.",plagio_moderado
"La importancia del transporte público en la movilidad urbana se ha convertido en un tema central en los debates actuales. En los últimos años, diversos estudios han mostrado cómo la importancia del transporte público en la movilidad urbana afecta tanto a las personas como a las instituciones. Las decisiones que se tomen hoy en relación con este fenómeno pueden influir en la calidad de vida de las próximas décadas.

Aunque existe un consenso general sobre su importancia, todavía hay desafíos pendientes. Se requiere inversión, políticas públicas bien diseñadas y una ciudadanía informada para aprovechar las oportunidades asociadas a la importancia del transporte público en la movilidad urbana y, al mismo tiempo, mitigar sus riesgos. La colaboración entre gobierno, academia y sociedad civil es clave para lograr avances sostenibles.","La importancia del transporte público en la movilidad urbana puede entenderse como un proceso en transformación constante. En lugar de analizar únicamente sus efectos inmediatos, es útil considerar también sus implicaciones a largo plazo. Este enfoque permite valorar con mayor precisión los beneficios y los riesgos que puede generar.

Uno de los desafíos principales consiste en diseñar estrategias que sean flexibles y que se adapten a contextos muy diferentes. No basta con aplicar una sola solución; se requiere experimentar, evaluar y ajustar continuamente las acciones relacionadas con la importancia del transporte público en la movilidad urbana.",plagio_leve
"La importancia del transporte público en la movilidad urbana se ha convertido en un tema central en los debates actuales. En los últimos años, diversos estudios han mostrado cómo la importancia del transporte público en la movilidad urbana afecta tanto a las personas como a las instituciones. Las decisiones que se tomen hoy en relación con este fenómeno pueden influir en la calidad de vida de las próximas décadas.

Aunque existe un consenso general sobre su importancia, todavía hay desafíos pendientes. Se requiere inversión, políticas públicas bien diseñadas y una ciudadanía informada para aprovechar las oportunidades asociadas a la importancia del transporte público en la movilidad urbana y, al mismo tiempo, mitigar sus riesgos. La colaboración entre gobierno, academia y sociedad civil es clave para lograr avances sostenibles.","La evolución del alfabeto en distintas culturas constituye un campo de estudio independiente, con preguntas y métodos propios. A lo largo de la historia, especialistas han dedicado décadas a documentar y analizar sus características más relevantes, generando un cuerpo amplio de conocimientos.

Actualmente, el interés por la evolución del alfabeto en distintas culturas continúa vigente gracias a proyectos de investigación, exposiciones y actividades educativas. Estas iniciativas permiten que nuevas generaciones se acerquen al tema y comprendan mejor su valor cultural e histórico.",no_plagio
"La salud mental en adolescentes en la era digital se ha convertido en un tema central en los debates actuales. En los últimos años, diversos estudios han mostrado cómo la salud mental en adolescentes en la era digital afecta tanto a las personas como a las instituciones. Las decisiones que se tomen hoy en relación con este fenómeno pueden influir en la calidad de vida de las próximas décadas.

Aunque existe un consenso general sobre su importancia, todavía hay desafíos pendientes. Se requiere inversión, políticas públicas bien diseñadas y una ciudadanía informada para aprovechar las oportunidades asociadas a la salud mental en adolescentes en la era digital y, al mismo tiempo, mitigar sus riesgos. La colaboración entre gobierno, academia y sociedad civil es clave para lograr avances sostenibles.","La salud mental en adolescentes en la era digital se ha convertido en un tema central en los debates actuales. En los últimos años, numerosas investigaciones han demostrado cómo la salud mental en adolescentes en la era digital afecta tanto a las personas como a las instituciones. Las decisiones que se tomen hoy en relación con este fenómeno pueden influir en la calidad de vida de las próximas décadas.

Aunque existe un consenso general sobre su importancia, aún persisten varios retos importantes. Se requiere inversión, políticas públicas bien diseñadas y una ciudadanía informada para sacar el máximo provecho de las oportunidades vinculadas a la salud mental en adolescentes en la era digital y, al mismo tiempo, mitigar sus riesgos. La colaboración entre gobierno, academia y sociedad civil es clave para lograr avances sostenibles.",plagio_alto
"La salud mental en adolescentes en la era digital se ha convertido en un tema central en los debates actuales. En los últimos años, diversos estudios han mostrado cómo la salud mental en adolescentes en la era digital afecta tanto a las personas como a las instituciones. Las decisiones que se tomen hoy en relación con este fenómeno pueden influir en la calidad de vida de las próximas décadas.

Aunque existe un consenso general sobre su importancia, todavía hay desafíos pendientes. Se requiere inversión, políticas públicas bien diseñadas y una ciudadanía informada para aprovechar las oportunidades asociadas a la salud mental en adolescentes en la era digital y, al mismo tiempo, mitigar sus riesgos. La colaboración entre gobierno, academia y sociedad civil es clave para lograr avances sostenibles.","En los debates contemporáneos, la salud mental en adolescentes en la era digital ocupa un lugar cada vez más visible. Investigaciones recientes señalan que este fenómeno tiene efectos directos sobre la vida cotidiana y sobre la manera en que operan distintas organizaciones. Las decisiones que se adopten en el presente podrían marcar el rumbo de las próximas generaciones.

A pesar de que muchas personas reconocen su relevancia, todavía no existe una respuesta definitiva sobre cómo gestionarlo de forma adecuada. Es necesario combinar recursos económicos, marcos normativos claros y procesos de participación ciudadana para orientar el desarrollo de la salud mental en adolescentes en la era digital hacia resultados más justos y sostenibles.",plagio_moderado
"La salud mental en adolescentes en la era digital se ha convertido en un tema central en los debates actuales. En los últimos años, diversos estudios han mostrado cómo la salud mental en adolescentes en la era digital afecta tanto a las personas como a las instituciones. Las decisiones que se tomen hoy en relación con este fenómeno pueden influir en la calidad de vida de las próximas décadas.

Aunque existe un consenso general sobre su importancia, todavía hay desafíos pendientes. Se requiere inversión, políticas públicas bien diseñadas y una ciudadanía informada para aprovechar las oportunidades asociadas a la salud mental en adolescentes en la era digital y, al mismo tiempo, mitigar sus riesgos. La colaboración entre gobierno, academia y sociedad civil es clave para lograr avances sostenibles.","La salud mental en adolescentes en la era digital puede entenderse como un proceso en transformación constante. En lugar de analizar únicamente sus efectos inmediatos, es útil considerar también sus implicaciones a largo plazo. Este enfoque permite valorar con mayor precisión los beneficios y los riesgos que puede generar.

Uno de los desafíos principales consiste en diseñar estrategias que sean flexibles y que se adapten a contextos muy diferentes. No basta con aplicar una sola solución; se requiere experimentar, evaluar y ajustar continuamente las acciones relacionadas con la salud mental en adolescentes en la era digital.",plagio_leve
"La salud mental en adolescentes en la era digital se ha convertido en un tema central en los debates actuales. En los últimos años, diversos estudios han mostrado cómo la salud mental en adolescentes en la era digital afecta tanto a las personas como a las instituciones. Las decisiones que se tomen hoy en relación con este fenómeno pueden influir en la calidad de vida de las próximas décadas.

Aunque existe un consenso general sobre su importancia, todavía hay desafíos pendientes. Se requiere inversión, políticas públicas bien diseñadas y una ciudadanía informada para aprovechar las oportunidades asociadas a la salud mental en adolescentes en la era digital y, al mismo tiempo, mitigar sus riesgos. La colaboración entre gobierno, academia y sociedad civil es clave para lograr avances sostenibles.","Los sistemas de riego en civilizaciones antiguas constituye un campo de estudio independiente, con preguntas y métodos propios. A lo largo de la historia, especialistas han dedicado décadas a documentar y analizar sus características más relevantes, generando un cuerpo amplio de conocimientos.

Actualmente, el interés por los sistemas de riego en civilizaciones antiguas continúa vigente gracias a proyectos de investigación, exposiciones y actividades educativas. Estas iniciativas permiten que nuevas generaciones se acerquen al tema y comprendan mejor su valor cultural e histórico.",no_plagio
"El uso de redes sociales en la construcción de identidad se ha convertido en un tema central en los debates actuales. En los últimos años, diversos estudios han mostrado cómo el uso de redes sociales en la construcción de identidad afecta tanto a las personas como a las instituciones. Las decisiones que se tomen hoy en relación con este fenómeno pueden influir en la calidad de vida de las próximas décadas.

Aunque existe un consenso general sobre su importancia, todavía hay desafíos pendientes. Se requiere inversión, políticas públicas bien diseñadas y una ciudadanía informada para aprovechar las oportunidades asociadas a el uso de redes sociales en la construcción de identidad y, al mismo tiempo, mitigar sus riesgos. La colaboración entre gobierno, academia y sociedad civil es clave para lograr avances sostenibles.","El uso de redes sociales en la construcción de identidad se ha convertido en un tema central en los debates actuales. En los últimos años, numerosas investigaciones han demostrado cómo el uso de redes sociales en la construcción de identidad afecta tanto a las personas como a las instituciones. Las decisiones que se tomen hoy en relación con este fenómeno pueden influir en la calidad de vida de las próximas décadas.

Aunque existe un consenso general sobre su importancia, aún persisten varios retos importantes. Se requiere inversión, políticas públicas bien diseñadas y una ciudadanía informada para sacar el máximo provecho de las oportunidades vinculadas a el uso de redes sociales en la construcción de identidad y, al mismo tiempo, mitigar sus riesgos. La colaboración entre gobierno, academia y sociedad civil es clave para lograr avances sostenibles.",plagio_alto
"El uso de redes sociales en la construcción de identidad se ha convertido en un tema central en los debates actuales. En los últimos años, diversos estudios han mostrado cómo el uso de redes sociales en la construcción de identidad afecta tanto a las personas como a las instituciones. Las decisiones que se tomen hoy en relación con este fenómeno pueden influir en la calidad de vida de las próximas décadas.

Aunque existe un consenso general sobre su importancia, todavía hay desafíos pendientes. Se requiere inversión, políticas públicas bien diseñadas y una ciudadanía informada para aprovechar las oportunidades asociadas a el uso de redes sociales en la construcción de identidad y, al mismo tiempo, mitigar sus riesgos. La colaboración entre gobierno, academia y sociedad civil es clave para lograr avances sostenibles.","En los debates contemporáneos, el uso de redes sociales en la construcción de identidad ocupa un lugar cada vez más visible. Investigaciones recientes señalan que este fenómeno tiene efectos directos sobre la vida cotidiana y sobre la manera en que operan distintas organizaciones. Las decisiones que se adopten en el presente podrían marcar el rumbo de las próximas generaciones.

A pesar de que muchas personas reconocen su relevancia, todavía no existe una respuesta definitiva sobre cómo gestionarlo de forma adecuada. Es necesario combinar recursos económicos, marcos normativos claros y procesos de participación ciudadana para orientar el desarrollo de el uso de redes sociales en la construcción de identidad hacia resultados más justos y sostenibles.",plagio_moderado
"El uso de redes sociales en la construcción de identidad se ha convertido en un tema central en los debates actuales. En los últimos años, diversos estudios han mostrado cómo el uso de redes sociales en la construcción de identidad afecta tanto a las personas como a las instituciones. Las decisiones que se tomen hoy en relación con este fenómeno pueden influir en la calidad de vida de las próximas décadas.

Aunque existe un consenso general sobre su importancia, todavía hay desafíos pendientes. Se requiere inversión, políticas públicas bien diseñadas y una ciudadanía informada para aprovechar las oportunidades asociadas a el uso de redes sociales en la construcción de identidad y, al mismo tiempo, mitigar sus riesgos. La colaboración entre gobierno, academia y sociedad civil es clave para lograr avances sostenibles.","El uso de redes sociales en la construcción de identidad puede entenderse como un proceso en transformación constante. En lugar de analizar únicamente sus efectos inmediatos, es útil considerar también sus implicaciones a largo plazo. Este enfoque permite valorar con mayor precisión los beneficios y los riesgos que puede generar.

Uno de los desafíos principales consiste en diseñar estrategias que sean flexibles y que se adapten a contextos muy diferentes. No basta con aplicar una sola solución; se requiere experimentar, evaluar y ajustar continuamente las acciones relacionadas con el uso de redes sociales en la construcción de identidad.",plagio_leve
"El uso de redes sociales en la construcción de identidad se ha convertido en un tema central en los debates actuales. En los últimos años, diversos estudios han mostrado cómo el uso de redes sociales en la construcción de identidad afecta tanto a las personas como a las instituciones. Las decisiones que se tomen hoy en relación con este fenómeno pueden influir en la calidad de vida de las próximas décadas.

Aunque existe un consenso general sobre su importancia, todavía hay desafíos pendientes. Se requiere inversión, políticas públicas bien diseñadas y una ciudadanía informada para aprovechar las oportunidades asociadas a el uso de redes sociales en la construcción de identidad y, al mismo tiempo, mitigar sus riesgos. La colaboración entre gobierno, academia y sociedad civil es clave para lograr avances sostenibles.","El desarrollo del ferrocarril en el siglo xix constituye un campo de estudio independiente, con preguntas y métodos propios. A lo largo de la historia, especialistas han dedicado décadas a documentar y analizar sus características más relevantes, generando un cuerpo amplio de conocimientos.

Actualmente, el interés por el desarrollo del ferrocarril en el siglo XIX continúa vigente gracias a proyectos de investigación, exposiciones y actividades educativas. Estas iniciativas permiten que nuevas generaciones se acerquen al tema y comprendan mejor su valor cultural e histórico.",no_plagio
"La adopción de energías renovables en países en desarrollo se ha convertido en un tema central en los debates actuales. En los últimos años, diversos estudios han mostrado cómo la adopción de energías renovables en países en desarrollo afecta tanto a las personas como a las instituciones. Las decisiones que se tomen hoy en relación con este fenómeno pueden influir en la calidad de vida de las próximas décadas.

Aunque existe un consenso general sobre su importancia, todavía hay desafíos pendientes. Se requiere inversión, políticas públicas bien diseñadas y una ciudadanía informada para aprovechar las oportunidades asociadas a la adopción de energías renovables en países en desarrollo y, al mismo tiempo, mitigar sus riesgos. La colaboración entre gobierno, academia y sociedad civil es clave para lograr avances sostenibles.","La adopción de energías renovables en países en desarrollo se ha convertido en un tema central en los debates actuales. En los últimos años, numerosas investigaciones han demostrado cómo la adopción de energías renovables en países en desarrollo afecta tanto a las personas como a las instituciones. Las decisiones que se tomen hoy en relación con este fenómeno pueden influir en la calidad de vida de las próximas décadas.

Aunque existe un consenso general sobre su importancia, aún persisten varios retos importantes. Se requiere inversión, políticas públicas bien diseñadas y una ciudadanía informada para sacar el máximo provecho de las oportunidades vinculadas a la adopción de energías renovables en países en desarrollo y, al mismo tiempo, mitigar sus riesgos. La colaboración entre gobierno, academia y sociedad civil es clave para lograr avances sostenibles.",plagio_alto
"La adopción de energías renovables en países en desarrollo se ha convertido en un tema central en los debates actuales. En los últimos años, diversos estudios han mostrado cómo la adopción de energías renovables en países en desarrollo afecta tanto a las personas como a las instituciones. Las decisiones que se tomen hoy en relación con este fenómeno pueden influir en la calidad de vida de las próximas décadas.

Aunque existe un consenso general sobre su importancia, todavía hay desafíos pendientes. Se requiere inversión, políticas públicas bien diseñadas y una ciudadanía informada para aprovechar las oportunidades asociadas a la adopción de energías renovables en países en desarrollo y, al mismo tiempo, mitigar sus riesgos. La colaboración entre gobierno, academia y sociedad civil es clave para lograr avances sostenibles.","En los debates contemporáneos, la adopción de energías renovables en países en desarrollo ocupa un lugar cada vez más visible. Investigaciones recientes señalan que este fenómeno tiene efectos directos sobre la vida cotidiana y sobre la manera en que operan distintas organizaciones. Las decisiones que se adopten en el presente podrían marcar el rumbo de las próximas generaciones.

A pesar de que muchas personas reconocen su relevancia, todavía no existe una respuesta definitiva sobre cómo gestionarlo de forma adecuada. Es necesario combinar recursos económicos, marcos normativos claros y procesos de participación ciudadana para orientar el desarrollo de la adopción de energías renovables en países en desarrollo hacia resultados más justos y sostenibles.",plagio_moderado
"La adopción de energías renovables en países en desarrollo se ha convertido en un tema central en los debates actuales. En los últimos años, diversos estudios han mostrado cómo la adopción de energías renovables en países en desarrollo afecta tanto a las personas como a las instituciones. Las decisiones que se tomen hoy en relación con este fenómeno pueden influir en la calidad de vida de las próximas décadas.

Aunque existe un consenso general sobre su importancia, todavía hay desafíos pendientes. Se requiere inversión, políticas públicas bien diseñadas y una ciudadanía informada para aprovechar las oportunidades asociadas a la adopción de energías renovables en países en desarrollo y, al mismo tiempo, mitigar sus riesgos. La colaboración entre gobierno, academia y sociedad civil es clave para lograr avances sostenibles.","La adopción de energías renovables en países en desarrollo puede entenderse como un proceso en transformación constante. En lugar de analizar únicamente sus efectos inmediatos, es útil considerar también sus implicaciones a largo plazo. Este enfoque permite valorar con mayor precisión los beneficios y los riesgos que puede generar.

Uno de los desafíos principales consiste en diseñar estrategias que sean flexibles y que se adapten a contextos muy diferentes. No basta con aplicar una sola solución; se requiere experimentar, evaluar y ajustar continuamente las acciones relacionadas con la adopción de energías renovables en países en desarrollo.",plagio_leve
"La adopción de energías renovables en países en desarrollo se ha convertido en un tema central en los debates actuales. En los últimos años, diversos estudios han mostrado cómo la adopción de energías renovables en países en desarrollo afecta tanto a las personas como a las instituciones. Las decisiones que se tomen hoy en relación con este fenómeno pueden influir en la calidad de vida de las próximas décadas.

Aunque existe un consenso general sobre su importancia, todavía hay desafíos pendientes. Se requiere inversión, políticas públicas bien diseñadas y una ciudadanía informada para aprovechar las oportunidades asociadas a la adopción de energías renovables en países en desarrollo y, al mismo tiempo, mitigar sus riesgos. La colaboración entre gobierno, academia y sociedad civil es clave para lograr avances sostenibles.","Las rutas comerciales de la seda constituye un campo de estudio independiente, con preguntas y métodos propios. A lo largo de la historia, especialistas han dedicado décadas a documentar y analizar sus características más relevantes, generando un cuerpo amplio de conocimientos.

Actualmente, el interés por las rutas comerciales de la seda continúa vigente gracias a proyectos de investigación, exposiciones y actividades educativas. Estas iniciativas permiten que nuevas generaciones se acerquen al tema y comprendan mejor su valor cultural e histórico.",no_plagio
"La agricultura sostenible y el uso responsable del agua se ha convertido en un tema central en los debates actuales. En los últimos años, diversos estudios han mostrado cómo la agricultura sostenible y el uso responsable del agua afecta tanto a las personas como a las instituciones. Las decisiones que se tomen hoy en relación con este fenómeno pueden influir en la calidad de vida de las próximas décadas.

Aunque existe un consenso general sobre su importancia, todavía hay desafíos pendientes. Se requiere inversión, políticas públicas bien diseñadas y una ciudadanía informada para aprovechar las oportunidades asociadas a la agricultura sostenible y el uso responsable del agua y, al mismo tiempo, mitigar sus riesgos. La colaboración entre gobierno, academia y sociedad civil es clave para lograr avances sostenibles.","La agricultura sostenible y el uso responsable del agua se ha convertido en un tema central en los debates actuales. En los últimos años, numerosas investigaciones han demostrado cómo la agricultura sostenible y el uso responsable del agua afecta tanto a las personas como a las instituciones. Las decisiones que se tomen hoy en relación con este fenómeno pueden influir en la calidad de vida de las próximas décadas.

Aunque existe un consenso general sobre su importancia, aún persisten varios retos importantes. Se requiere inversión, políticas públicas bien diseñadas y una ciudadanía informada para sacar el máximo provecho de las oportunidades vinculadas a la agricultura sostenible y el uso responsable del agua y, al mismo tiempo, mitigar sus riesgos. La colaboración entre gobierno, academia y sociedad civil es clave para lograr avances sostenibles.",plagio_alto
"La agricultura sostenible y el uso responsable del agua se ha convertido en un tema central en los debates actuales. En los últimos años, diversos estudios han mostrado cómo la agricultura sostenible y el uso responsable del agua afecta tanto a las personas como a las instituciones. Las decisiones que se tomen hoy en relación con este fenómeno pueden influir en la calidad de vida de las próximas décadas.

Aunque existe un consenso general sobre su importancia, todavía hay desafíos pendientes. Se requiere inversión, políticas públicas bien diseñadas y una ciudadanía informada para aprovechar las oportunidades asociadas a la agricultura sostenible y el uso responsable del agua y, al mismo tiempo, mitigar sus riesgos. La colaboración entre gobierno, academia y sociedad civil es clave para lograr avances sostenibles.","En los debates contemporáneos, la agricultura sostenible y el uso responsable del agua ocupa un lugar cada vez más visible. Investigaciones recientes señalan que este fenómeno tiene efectos directos sobre la vida cotidiana y sobre la manera en que operan distintas organizaciones. Las decisiones que se adopten en el presente podrían marcar el rumbo de las próximas generaciones.

A pesar de que muchas personas reconocen su relevancia, todavía no existe una respuesta definitiva sobre cómo gestionarlo de forma adecuada. Es necesario combinar recursos económicos, marcos normativos claros y procesos de participación ciudadana para orientar el desarrollo de la agricultura sostenible y el uso responsable del agua hacia resultados más justos y sostenibles.",plagio_moderado
"La agricultura sostenible y el uso responsable del agua se ha convertido en un tema central en los debates actuales. En los últimos años, diversos estudios han mostrado cómo la agricultura sostenible y el uso responsable del agua afecta tanto a las personas como a las instituciones. Las decisiones que se tomen hoy en relación con este fenómeno pueden influir en la calidad de vida de las próximas décadas.

Aunque existe un consenso general sobre su importancia, todavía hay desafíos pendientes. Se requiere inversión, políticas públicas bien diseñadas y una ciudadanía informada para aprovechar las oportunidades asociadas a la agricultura sostenible y el uso responsable del agua y, al mismo tiempo, mitigar sus riesgos. La colaboración entre gobierno, academia y sociedad civil es clave para lograr avances sostenibles.","La agricultura sostenible y el uso responsable del agua puede entenderse como un proceso en transformación constante. En lugar de analizar únicamente sus efectos inmediatos, es útil considerar también sus implicaciones a largo plazo. Este enfoque permite valorar con mayor precisión los beneficios y los riesgos que puede generar.

Uno de los desafíos principales consiste en diseñar estrategias que sean flexibles y que se adapten a contextos muy diferentes. No basta con aplicar una sola solución; se requiere experimentar, evaluar y ajustar continuamente las acciones relacionadas con la agricultura sostenible y el uso responsable del agua.",plagio_leve
"La agricultura sostenible y el uso responsable del agua se ha convertido en un tema central en los debates actuales. En los últimos años, diversos estudios han mostrado cómo la agricultura sostenible y el uso responsable del agua afecta tanto a las personas como a las instituciones. Las decisiones que se tomen hoy en relación con este fenómeno pueden influir en la calidad de vida de las próximas décadas.

Aunque existe un consenso general sobre su importancia, todavía hay desafíos pendientes. Se requiere inversión, políticas públicas bien diseñadas y una ciudadanía informada para aprovechar las oportunidades asociadas a la agricultura sostenible y el uso responsable del agua y, al mismo tiempo, mitigar sus riesgos. La colaboración entre gobierno, academia y sociedad civil es clave para lograr avances sostenibles.","La filosofía estoica en la antigua grecia constituye un campo de estudio independiente, con preguntas y métodos propios. A lo largo de la historia, especialistas han dedicado décadas a documentar y analizar sus características más relevantes, generando un cuerpo amplio de conocimientos.

Actualmente, el interés por la filosofía estoica en la antigua Grecia continúa vigente gracias a proyectos de investigación, exposiciones y actividades educativas. Estas iniciativas permiten que nuevas generaciones se acerquen al tema y comprendan mejor su valor cultural e histórico.",no_plagio
"La ciberseguridad en pequeñas y medianas empresas se ha convertido en un tema central en los debates actuales. En los últimos años, diversos estudios han mostrado cómo la ciberseguridad en pequeñas y medianas empresas afecta tanto a las personas como a las instituciones. Las decisiones que se tomen hoy en relación con este fenómeno pueden influir en la calidad de vida de las próximas décadas.

Aunque existe un consenso general sobre su importancia, todavía hay desafíos pendientes. Se requiere inversión, políticas públicas bien diseñadas y una ciudadanía informada para aprovechar las oportunidades asociadas a la ciberseguridad en pequeñas y medianas empresas y, al mismo tiempo, mitigar sus riesgos. La colaboración entre gobierno, academia y sociedad civil es clave para lograr avances sostenibles.","La ciberseguridad en pequeñas y medianas empresas se ha convertido en un tema central en los debates actuales. En los últimos años, numerosas investigaciones han demostrado cómo la ciberseguridad en pequeñas y medianas empresas afecta tanto a las personas como a las instituciones. Las decisiones que se tomen hoy en relación con este fenómeno pueden influir en la calidad de vida de las próximas décadas.

Aunque existe un consenso general sobre su importancia, aún persisten varios retos importantes. Se requiere inversión, políticas públicas bien diseñadas y una ciudadanía informada para sacar el máximo provecho de las oportunidades vinculadas a la ciberseguridad en pequeñas y medianas empresas y, al mismo tiempo, mitigar sus riesgos. La colaboración entre gobierno, academia y sociedad civil es clave para lograr avances sostenibles.",plagio_alto
"La ciberseguridad en pequeñas y medianas empresas se ha convertido en un tema central en los debates actuales. En los últimos años, diversos estudios han mostrado cómo la ciberseguridad en pequeñas y medianas empresas afecta tanto a las personas como a las instituciones. Las decisiones que se tomen hoy en relación con este fenómeno pueden influir en la calidad de vida de las próximas décadas.

Aunque existe un consenso general sobre su importancia, todavía hay desafíos pendientes. Se requiere inversión, políticas públicas bien diseñadas y una ciudadanía informada para aprovechar las oportunidades asociadas a la ciberseguridad en pequeñas y medianas empresas y, al mismo tiempo, mitigar sus riesgos. La colaboración entre gobierno, academia y sociedad civil es clave para lograr avances sostenibles.","En los debates contemporáneos, la ciberseguridad en pequeñas y medianas empresas ocupa un lugar cada vez más visible. Investigaciones recientes señalan que este fenómeno tiene efectos directos sobre la vida cotidiana y sobre la manera en que operan distintas organizaciones. Las decisiones que se adopten en el presente podrían marcar el rumbo de las próximas generaciones.

A pesar de que muchas personas reconocen su relevancia, todavía no existe una respuesta definitiva sobre cómo gestionarlo de forma adecuada. Es necesario combinar recursos económicos, marcos normativos claros y procesos de participación ciudadana para orientar el desarrollo de la ciberseguridad en pequeñas y medianas empresas hacia resultados más justos y sostenibles.",plagio_moderado
"La ciberseguridad en pequeñas y medianas empresas se ha convertido en un tema central en los debates actuales. En los últimos años, diversos estudios han mostrado cómo la ciberseguridad en pequeñas y medianas empresas afecta tanto a las personas como a las instituciones. Las decisiones que se tomen hoy en relación con este fenómeno pueden influir en la calidad de vida de las próximas décadas.

Aunque existe un consenso general sobre su importancia, todavía hay desafíos pendientes. Se requiere inversión, políticas públicas bien diseñadas y una ciudadanía informada para aprovechar las oportunidades asociadas a la ciberseguridad en pequeñas y medianas empresas y, al mismo tiempo, mitigar sus riesgos. La colaboración entre gobierno, academia y sociedad civil es clave para lograr avances sostenibles.","La ciberseguridad en pequeñas y medianas empresas puede entenderse como un proceso en transformación constante. En lugar de analizar únicamente sus efectos inmediatos, es útil considerar también sus implicaciones a largo plazo. Este enfoque permite valorar con mayor precisión los beneficios y los riesgos que puede generar.

Uno de los desafíos principales consiste en diseñar estrategias que sean flexibles y que se adapten a contextos muy diferentes. No basta con aplicar una sola solución; se requiere experimentar, evaluar y ajustar continuamente las acciones relacionadas con la ciberseguridad en pequeñas y medianas empresas.",plagio_leve
"La ciberseguridad en pequeñas y medianas empresas se ha convertido en un tema central en los debates actuales. En los últimos años, diversos estudios han mostrado cómo la ciberseguridad en pequeñas y medianas empresas afecta tanto a las personas como a las instituciones. Las decisiones que se tomen hoy en relación con este fenómeno pueden influir en la calidad de vida de las próximas décadas.

Aunque existe un consenso general sobre su importancia, todavía hay desafíos pendientes. Se requiere inversión, políticas públicas bien diseñadas y una ciudadanía informada para aprovechar las oportunidades asociadas a la ciberseguridad en pequeñas y medianas empresas y, al mismo tiempo, mitigar sus riesgos. La colaboración entre gobierno, academia y sociedad civil es clave para lograr avances sostenibles.","La música barroca y sus compositores constituye un campo de estudio independiente, con preguntas y métodos propios. A lo largo de la historia, especialistas han dedicado décadas a documentar y analizar sus características más relevantes, generando un cuerpo amplio de conocimientos.

Actualmente, el interés por la música barroca y sus compositores continúa vigente gracias a proyectos de investigación, exposiciones y actividades educativas. Estas iniciativas permiten que nuevas generaciones se acerquen al tema y comprendan mejor su valor cultural e histórico.",no_plagio
"El turismo sostenible en comunidades rurales se ha convertido en un tema central en los debates actuales. En los últimos años, diversos estudios han mostrado cómo el turismo sostenible en comunidades rurales afecta tanto a las personas como a las instituciones. Las decisiones que se tomen hoy en relación con este fenómeno pueden influir en la calidad de vida de las próximas décadas.

Aunque existe un consenso general sobre su importancia, todavía hay desafíos pendientes. Se requiere inversión, políticas públicas bien diseñadas y una ciudadanía informada para aprovechar las oportunidades asociadas a el turismo sostenible en comunidades rurales y, al mismo tiempo, mitigar sus riesgos. La colaboración entre gobierno, academia y sociedad civil es clave para lograr avances sostenibles.","El turismo sostenible en comunidades rurales se ha convertido en un tema central en los debates actuales. En los últimos años, numerosas investigaciones han demostrado cómo el turismo sostenible en comunidades rurales afecta tanto a las personas como a las instituciones. Las decisiones que se tomen hoy en relación con este fenómeno pueden influir en la calidad de vida de las próximas décadas.

Aunque existe un consenso general sobre su importancia, aún persisten varios retos importantes. Se requiere inversión, políticas públicas bien diseñadas y una ciudadanía informada para sacar el máximo provecho de las oportunidades vinculadas a el turismo sostenible en comunidades rurales y, al mismo tiempo, mitigar sus riesgos. La colaboración entre gobierno, academia y sociedad civil es clave para lograr avances sostenibles.",plagio_alto
"El turismo sostenible en comunidades rurales se ha convertido en un tema central en los debates actuales. En los últimos años, diversos estudios han mostrado cómo el turismo sostenible en comunidades rurales afecta tanto a las personas como a las instituciones. Las decisiones que se tomen hoy en relación con este fenómeno pueden influir en la calidad de vida de las próximas décadas.

Aunque existe un consenso general sobre su importancia, todavía hay desafíos pendientes. Se requiere inversión, políticas públicas bien diseñadas y una ciudadanía informada para aprovechar las oportunidades asociadas a el turismo sostenible en comunidades rurales y, al mismo tiempo, mitigar sus riesgos. La colaboración entre gobierno, academia y sociedad civil es clave para lograr avances sostenibles.","En los debates contemporáneos, el turismo sostenible en comunidades rurales ocupa un lugar cada vez más visible. Investigaciones recientes señalan que este fenómeno tiene efectos directos sobre la vida cotidiana y sobre la manera en que operan distintas organizaciones. Las decisiones que se adopten en el presente podrían marcar el rumbo de las próximas generaciones.

A pesar de que muchas personas reconocen su relevancia, todavía no existe una respuesta definitiva sobre cómo gestionarlo de forma adecuada. Es necesario combinar recursos económicos, marcos normativos claros y procesos de participación ciudadana para orientar el desarrollo de el turismo sostenible en comunidades rurales hacia resultados más justos y sostenibles.",plagio_moderado
"El turismo sostenible en comunidades rurales se ha convertido en un tema central en los debates actuales. En los últimos años, diversos estudios han mostrado cómo el turismo sostenible en comunidades rurales afecta tanto a las personas como a las instituciones. Las decisiones que se tomen hoy en relación con este fenómeno pueden influir en la calidad de vida de las próximas décadas.

Aunque existe un consenso general sobre su importancia, todavía hay desafíos pendientes. Se requiere inversión, políticas públicas bien diseñadas y una ciudadanía informada para aprovechar las oportunidades asociadas a el turismo sostenible en comunidades rurales y, al mismo tiempo, mitigar sus riesgos. La colaboración entre gobierno, academia y sociedad civil es clave para lograr avances sostenibles.","El turismo sostenible en comunidades rurales puede entenderse como un proceso en transformación constante. En lugar de analizar únicamente sus efectos inmediatos, es útil considerar también sus implicaciones a largo plazo. Este enfoque permite valorar con mayor precisión los beneficios y los riesgos que puede generar.

Uno de los desafíos principales consiste en diseñar estrategias que sean flexibles y que se adapten a contextos muy diferentes. No basta con aplicar una sola solución; se requiere experimentar, evaluar y ajustar continuamente las acciones relacionadas con el turismo sostenible en comunidades rurales.",plagio_leve
"El turismo sostenible en comunidades rurales se ha convertido en un tema central en los debates actuales. En los últimos años, diversos estudios han mostrado cómo el turismo sostenible en comunidades rurales afecta tanto a las personas como a las instituciones. Las decisiones que se tomen hoy en relación con este fenómeno pueden influir en la calidad de vida de las próximas décadas.

Aunque existe un consenso general sobre su importancia, todavía hay desafíos pendientes. Se requiere inversión, políticas públicas bien diseñadas y una ciudadanía informada para aprovechar las oportunidades asociadas a el turismo sostenible en comunidades rurales y, al mismo tiempo, mitigar sus riesgos. La colaboración entre gobierno, academia y sociedad civil es clave para lograr avances sostenibles.","Los rituales funerarios en egipto constituye un campo de estudio independiente, con preguntas y métodos propios. A lo largo de la historia, especialistas han dedicado décadas a documentar y analizar sus características más relevantes, generando un cuerpo amplio de conocimientos.

Actualmente, el interés por los rituales funerarios en Egipto continúa vigente gracias a proyectos de investigación, exposiciones y actividades educativas. Estas iniciativas permiten que nuevas generaciones se acerquen al tema y comprendan mejor su valor cultural e histórico.",no_plagio
"Las ciudades inteligentes y la gestión de datos urbanos se ha convertido en un tema central en los debates actuales. En los últimos años, diversos estudios han mostrado cómo las ciudades inteligentes y la gestión de datos urbanos afecta tanto a las personas como a las instituciones. Las decisiones que se tomen hoy en relación con este fenómeno pueden influir en la calidad de vida de las próximas décadas.

Aunque existe un consenso general sobre su importancia, todavía hay desafíos pendientes. Se requiere inversión, políticas públicas bien diseñadas y una ciudadanía informada para aprovechar las oportunidades asociadas a las ciudades inteligentes y la gestión de datos urbanos y, al mismo tiempo, mitigar sus riesgos. La colaboración entre gobierno, academia y sociedad civil es clave para lograr avances sostenibles.","Las ciudades inteligentes y la gestión de datos urbanos se ha convertido en un tema central en los debates actuales. En los últimos años, numerosas investigaciones han demostrado cómo las ciudades inteligentes y la gestión de datos urbanos afecta tanto a las personas como a las instituciones. Las decisiones que se tomen hoy en relación con este fenómeno pueden influir en la calidad de vida de las próximas décadas.

Aunque existe un consenso general sobre su importancia, aún persisten varios retos importantes. Se requiere inversión, políticas públicas bien diseñadas y una ciudadanía informada para sacar el máximo provecho de las oportunidades vinculadas a las ciudades inteligentes y la gestión de datos urbanos y, al mismo tiempo, mitigar sus riesgos. La colaboración entre gobierno, academia y sociedad civil es clave para lograr avances sostenibles.",plagio_alto
"Las ciudades inteligentes y la gestión de datos urbanos se ha convertido en un tema central en los debates actuales. En los últimos años, diversos estudios han mostrado cómo las ciudades inteligentes y la gestión de datos urbanos afecta tanto a las personas como a las instituciones. Las decisiones que se tomen hoy en relación con este fenómeno pueden influir en la calidad de vida de las próximas décadas.

Aunque existe un consenso general sobre su importancia, todavía hay desafíos pendientes. Se requiere inversión, políticas públicas bien diseñadas y una ciudadanía informada para aprovechar las oportunidades asociadas a las ciudades inteligentes y la gestión de datos urbanos y, al mismo tiempo, mitigar sus riesgos. La colaboración entre gobierno, academia y sociedad civil es clave para lograr avances sostenibles.","En los debates contemporáneos, las ciudades inteligentes y la gestión de datos urbanos ocupa un lugar cada vez más visible. Investigaciones recientes señalan que este fenómeno tiene efectos directos sobre la vida cotidiana y sobre la manera en que operan distintas organizaciones. Las decisiones que se adopten en el presente podrían marcar el rumbo de las próximas generaciones.

A pesar de que muchas personas reconocen su relevancia, todavía no existe una respuesta definitiva sobre cómo gestionarlo de forma adecuada. Es necesario combinar recursos económicos, marcos normativos claros y procesos de participación ciudadana para orientar el desarrollo de las ciudades inteligentes y la gestión de datos urbanos hacia resultados más justos y sostenibles.",plagio_moderado
"Las ciudades inteligentes y la gestión de datos urbanos se ha convertido en un tema central en los debates actuales. En los últimos años, diversos estudios han mostrado cómo las ciudades inteligentes y la gestión de datos urbanos afecta tanto a las personas como a las instituciones. Las decisiones que se tomen hoy en relación con este fenómeno pueden influir en la calidad de vida de las próximas décadas.

Aunque existe un consenso general sobre su importancia, todavía hay desafíos pendientes. Se requiere inversión, políticas públicas bien diseñadas y una ciudadanía informada para aprovechar las oportunidades asociadas a las ciudades inteligentes y la gestión de datos urbanos y, al mismo tiempo, mitigar sus riesgos. La colaboración entre gobierno, academia y sociedad civil es clave para lograr avances sostenibles.","Las ciudades inteligentes y la gestión de datos urbanos puede entenderse como un proceso en transformación constante. En lugar de analizar únicamente sus efectos inmediatos, es útil considerar también sus implicaciones a largo plazo. Este enfoque permite valorar con mayor precisión los beneficios y los riesgos que puede generar.

Uno de los desafíos principales consiste en diseñar estrategias que sean flexibles y que se adapten a contextos muy diferentes. No basta con aplicar una sola solución; se requiere experimentar, evaluar y ajustar continuamente las acciones relacionadas con las ciudades inteligentes y la gestión de datos urbanos.",plagio_leve
"Las ciudades inteligentes y la gestión de datos urbanos se ha convertido en un tema central en los debates actuales. En los últimos años, diversos estudios han mostrado cómo las ciudades inteligentes y la gestión de datos urbanos afecta tanto a las personas como a las instituciones. Las decisiones que se tomen hoy en relación con este fenómeno pueden influir en la calidad de vida de las próximas décadas.

Aunque existe un consenso general sobre su importancia, todavía hay desafíos pendientes. Se requiere inversión, políticas públicas bien diseñadas y una ciudadanía informada para aprovechar las oportunidades asociadas a las ciudades inteligentes y la gestión de datos urbanos y, al mismo tiempo, mitigar sus riesgos. La colaboración entre gobierno, academia y sociedad civil es clave para lograr avances sostenibles.","La invención de la imprenta y su impacto constituye un campo de estudio independiente, con preguntas y métodos propios. A lo largo de la historia, especialistas han dedicado décadas a documentar y analizar sus características más relevantes, generando un cuerpo amplio de conocimientos.

Actualmente, el interés por la invención de la imprenta y su impacto continúa vigente gracias a proyectos de investigación, exposiciones y actividades educativas. Estas iniciativas permiten que nuevas generaciones se acerquen al tema y comprendan mejor su valor cultural e histórico.",no_plagio
"La robótica médica en procedimientos quirúrgicos se ha convertido en un tema central en los debates actuales. En los últimos años, diversos estudios han mostrado cómo la robótica médica en procedimientos quirúrgicos afecta tanto a las personas como a las instituciones. Las decisiones que se tomen hoy en relación con este fenómeno pueden influir en la calidad de vida de las próximas décadas.

Aunque existe un consenso general sobre su importancia, todavía hay desafíos pendientes. Se requiere inversión, políticas públicas bien diseñadas y una ciudadanía informada para aprovechar las oportunidades asociadas a la robótica médica en procedimientos quirúrgicos y, al mismo tiempo, mitigar sus riesgos. La colaboración entre gobierno, academia y sociedad civil es clave para lograr avances sostenibles.","La robótica médica en procedimientos quirúrgicos se ha convertido en un tema central en los debates actuales. En los últimos años, numerosas investigaciones han demostrado cómo la robótica médica en procedimientos quirúrgicos afecta tanto a las personas como a las instituciones. Las decisiones que se tomen hoy en relación con este fenómeno pueden influir en la calidad de vida de las próximas décadas.

Aunque existe un consenso general sobre su importancia, aún persisten varios retos importantes. Se requiere inversión, políticas públicas bien diseñadas y una ciudadanía informada para sacar el máximo provecho de las oportunidades vinculadas a la robótica médica en procedimientos quirúrgicos y, al mismo tiempo, mitigar sus riesgos. La colaboración entre gobierno, academia y sociedad civil es clave para lograr avances sostenibles.",plagio_alto
"La robótica médica en procedimientos quirúrgicos se ha convertido en un tema central en los debates actuales. En los últimos años, diversos estudios han mostrado cómo la robótica médica en procedimientos quirúrgicos afecta tanto a las personas como a las instituciones. Las decisiones que se tomen hoy en relación con este fenómeno pueden influir en la calidad de vida de las próximas décadas.

Aunque existe un consenso general sobre su importancia, todavía hay desafíos pendientes. Se requiere inversión, políticas públicas bien diseñadas y una ciudadanía informada para aprovechar las oportunidades asociadas a la robótica médica en procedimientos quirúrgicos y, al mismo tiempo, mitigar sus riesgos. La colaboración entre gobierno, academia y sociedad civil es clave para lograr avances sostenibles.","En los debates contemporáneos, la robótica médica en procedimientos quirúrgicos ocupa un lugar cada vez más visible. Investigaciones recientes señalan que este fenómeno tiene efectos directos sobre la vida cotidiana y sobre la manera en que operan distintas organizaciones. Las decisiones que se adopten en el presente podrían marcar el rumbo de las próximas generaciones.

A pesar de que muchas personas reconocen su relevancia, todavía no existe una respuesta definitiva sobre cómo gestionarlo de forma adecuada. Es necesario combinar recursos económicos, marcos normativos claros y procesos de participación ciudadana para orientar el desarrollo de la robótica médica en procedimientos quirúrgicos hacia resultados más justos y sostenibles.",plagio_moderado
"La robótica médica en procedimientos quirúrgicos se ha convertido en un tema central en los debates actuales. En los últimos años, diversos estudios han mostrado cómo la robótica médica en procedimientos quirúrgicos afecta tanto a las personas como a las instituciones. Las decisiones que se tomen hoy en relación con este fenómeno pueden influir en la calidad de vida de las próximas décadas.

Aunque existe un consenso general sobre su importancia, todavía hay desafíos pendientes. Se requiere inversión, políticas públicas bien diseñadas y una ciudadanía informada para aprovechar las oportunidades asociadas a la robótica médica en procedimientos quirúrgicos y, al mismo tiempo, mitigar sus riesgos. La colaboración entre gobierno, academia y sociedad civil es clave para lograr avances sostenibles.","La robótica médica en procedimientos quirúrgicos puede entenderse como un proceso en transformación constante. En lugar de analizar únicamente sus efectos inmediatos, es útil considerar también sus implicaciones a largo plazo. Este enfoque permite valorar con mayor precisión los beneficios y los riesgos que puede generar.

Uno de los desafíos principales consiste en diseñar estrategias que sean flexibles y que se adapten a contextos muy diferentes. No basta con aplicar una sola solución; se requiere experimentar, evaluar y ajustar continuamente las acciones relacionadas con la robótica médica en procedimientos quirúrgicos.",plagio_leve
"La robótica médica en procedimientos quirúrgicos se ha convertido en un tema central en los debates actuales. En los últimos años, diversos estudios han mostrado cómo la robótica médica en procedimientos quirúrgicos afecta tanto a las personas como a las instituciones. Las decisiones que se tomen hoy en relación con este fenómeno pueden influir en la calidad de vida de las próximas décadas.

Aunque existe un consenso general sobre su importancia, todavía hay desafíos pendientes. Se requiere inversión, políticas públicas bien diseñadas y una ciudadanía informada para aprovechar las oportunidades asociadas a la robótica médica en procedimientos quirúrgicos y, al mismo tiempo, mitigar sus riesgos. La colaboración entre gobierno, academia y sociedad civil es clave para lograr avances sostenibles.","Las primeras expediciones al polo sur constituye un campo de estudio independiente, con preguntas y métodos propios. A lo largo de la historia, especialistas han dedicado décadas a documentar y analizar sus características más relevantes, generando un cuerpo amplio de conocimientos.

Actualmente, el interés por las primeras expediciones al polo sur continúa vigente gracias a proyectos de investigación, exposiciones y actividades educativas. Estas iniciativas permiten que nuevas generaciones se acerquen al tema y comprendan mejor su valor cultural e histórico.",no_plagio
"Los videojuegos como herramienta de aprendizaje se ha convertido en un tema central en los debates actuales. En los últimos años, diversos estudios han mostrado cómo los videojuegos como herramienta de aprendizaje afecta tanto a las personas como a las instituciones. Las decisiones que se tomen hoy en relación con este fenómeno pueden influir en la calidad de vida de las próximas décadas.

Aunque existe un consenso general sobre su importancia, todavía hay desafíos pendientes. Se requiere inversión, políticas públicas bien diseñadas y una ciudadanía informada para aprovechar las oportunidades asociadas a los videojuegos como herramienta de aprendizaje y, al mismo tiempo, mitigar sus riesgos. La colaboración entre gobierno, academia y sociedad civil es clave para lograr avances sostenibles.","Los videojuegos como herramienta de aprendizaje se ha convertido en un tema central en los debates actuales. En los últimos años, numerosas investigaciones han demostrado cómo los videojuegos como herramienta de aprendizaje afecta tanto a las personas como a las instituciones. Las decisiones que se tomen hoy en relación con este fenómeno pueden influir en la calidad de vida de las próximas décadas.

Aunque existe un consenso general sobre su importancia, aún persisten varios retos importantes. Se requiere inversión, políticas públicas bien diseñadas y una ciudadanía informada para sacar el máximo provecho de las oportunidades vinculadas a los videojuegos como herramienta de aprendizaje y, al mismo tiempo, mitigar sus riesgos. La colaboración entre gobierno, academia y sociedad civil es clave para lograr avances sostenibles.",plagio_alto
"Los videojuegos como herramienta de aprendizaje se ha convertido en un tema central en los debates actuales. En los últimos años, diversos estudios han mostrado cómo los videojuegos como herramienta de aprendizaje afecta tanto a las personas como a las instituciones. Las decisiones que se tomen hoy en relación con este fenómeno pueden influir en la calidad de vida de las próximas décadas.

Aunque existe un consenso general sobre su importancia, todavía hay desafíos pendientes. Se requiere inversión, políticas públicas bien diseñadas y una ciudadanía informada para aprovechar las oportunidades asociadas a los videojuegos como herramienta de aprendizaje y, al mismo tiempo, mitigar sus riesgos. La colaboración entre gobierno, academia y sociedad civil es clave para lograr avances sostenibles.","En los debates contemporáneos, los videojuegos como herramienta de aprendizaje ocupa un lugar cada vez más visible. Investigaciones recientes señalan que este fenómeno tiene efectos directos sobre la vida cotidiana y sobre la manera en que operan distintas organizaciones. Las decisiones que se adopten en el presente podrían marcar el rumbo de las próximas generaciones.

A pesar de que muchas personas reconocen su relevancia, todavía no existe una respuesta definitiva sobre cómo gestionarlo de forma adecuada. Es necesario combinar recursos económicos, marcos normativos claros y procesos de participación ciudadana para orientar el desarrollo de los videojuegos como herramienta de aprendizaje hacia resultados más justos y sostenibles.",plagio_moderado
"Los videojuegos como herramienta de aprendizaje se ha convertido en un tema central en los debates actuales. En los últimos años, diversos estudios han mostrado cómo los videojuegos como herramienta de aprendizaje afecta tanto a las personas como a las instituciones. Las decisiones que se tomen hoy en relación con este fenómeno pueden influir en la calidad de vida de las próximas décadas.

Aunque existe un consenso general sobre su importancia, todavía hay desafíos pendientes. Se requiere inversión, políticas públicas bien diseñadas y una ciudadanía informada para aprovechar las oportunidades asociadas a los videojuegos como herramienta de aprendizaje y, al mismo tiempo, mitigar sus riesgos. La colaboración entre gobierno, academia y sociedad civil es clave para lograr avances sostenibles.","Los videojuegos como herramienta de aprendizaje puede entenderse como un proceso en transformación constante. En lugar de analizar únicamente sus efectos inmediatos, es útil considerar también sus implicaciones a largo plazo. Este enfoque permite valorar con mayor precisión los beneficios y los riesgos que puede generar.

Uno de los desafíos principales consiste en diseñar estrategias que sean flexibles y que se adapten a contextos muy diferentes. No basta con aplicar una sola solución; se requiere experimentar, evaluar y ajustar continuamente las acciones relacionadas con los videojuegos como herramienta de aprendizaje.",plagio_leve
"Los videojuegos como herramienta de aprendizaje se ha convertido en un tema central en los debates actuales. En los últimos años, diversos estudios han mostrado cómo los videojuegos como herramienta de aprendizaje afecta tanto a las personas como a las instituciones. Las decisiones que se tomen hoy en relación con este fenómeno pueden influir en la calidad de vida de las próximas décadas.

Aunque existe un consenso general sobre su importancia, todavía hay desafíos pendientes. Se requiere inversión, políticas públicas bien diseñadas y una ciudadanía informada para aprovechar las oportunidades asociadas a los videojuegos como herramienta de aprendizaje y, al mismo tiempo, mitigar sus riesgos. La colaboración entre gobierno, academia y sociedad civil es clave para lograr avances sostenibles.","La domesticación de animales en la prehistoria constituye un campo de estudio independiente, con preguntas y métodos propios. A lo largo de la historia, especialistas han dedicado décadas a documentar y analizar sus características más relevantes, generando un cuerpo amplio de conocimientos.

Actualmente, el interés por la domesticación de animales en la prehistoria continúa vigente gracias a proyectos de investigación, exposiciones y actividades educativas. Estas iniciativas permiten que nuevas generaciones se acerquen al tema y comprendan mejor su valor cultural e histórico.",no_plagio
"La nutrición infantil y los hábitos alimenticios en casa se ha convertido en un tema central en los debates actuales. En los últimos años, diversos estudios han mostrado cómo la nutrición infantil y los hábitos alimenticios en casa afecta tanto a las personas como a las instituciones. Las decisiones que se tomen hoy en relación con este fenómeno pueden influir en la calidad de vida de las próximas décadas.

Aunque existe un consenso general sobre su importancia, todavía hay desafíos pendientes. Se requiere inversión, políticas públicas bien diseñadas y una ciudadanía informada para aprovechar las oportunidades asociadas a la nutrición infantil y los hábitos alimenticios en casa y, al mismo tiempo, mitigar sus riesgos. La colaboración entre gobierno, academia y sociedad civil es clave para lograr avances sostenibles.","La nutrición infantil y los hábitos alimenticios en casa se ha convertido en un tema central en los debates actuales. En los últimos años, numerosas investigaciones han demostrado cómo la nutrición infantil y los hábitos alimenticios en casa afecta tanto a las personas como a las instituciones. Las decisiones que se tomen hoy en relación con este fenómeno pueden influir en la calidad de vida de las próximas décadas.

Aunque existe un consenso general sobre su importancia, aún persisten varios retos importantes. Se requiere inversión, políticas públicas bien diseñadas y una ciudadanía informada para sacar el máximo provecho de las oportunidades vinculadas a la nutrición infantil y los hábitos alimenticios en casa y, al mismo tiempo, mitigar sus riesgos. La colaboración entre gobierno, academia y sociedad civil es clave para lograr avances sostenibles.",plagio_alto
"La nutrición infantil y los hábitos alimenticios en casa se ha convertido en un tema central en los debates actuales. En los últimos años, diversos estudios han mostrado cómo la nutrición infantil y los hábitos alimenticios en casa afecta tanto a las personas como a las instituciones. Las decisiones que se tomen hoy en relación con este fenómeno pueden influir en la calidad de vida de las próximas décadas.

Aunque existe un consenso general sobre su importancia, todavía hay desafíos pendientes. Se requiere inversión, políticas públicas bien diseñadas y una ciudadanía informada para aprovechar las oportunidades asociadas a la nutrición infantil y los hábitos alimenticios en casa y, al mismo tiempo, mitigar sus riesgos. La colaboración entre gobierno, academia y sociedad civil es clave para lograr avances sostenibles.","En los debates contemporáneos, la nutrición infantil y los hábitos alimenticios en casa ocupa un lugar cada vez más visible. Investigaciones recientes señalan que este fenómeno tiene efectos directos sobre la vida cotidiana y sobre la manera en que operan distintas organizaciones. Las decisiones que se adopten en el presente podrían marcar el rumbo de las próximas generaciones.

A pesar de que muchas personas reconocen su relevancia, todavía no existe una respuesta definitiva sobre cómo gestionarlo de forma adecuada. Es necesario combinar recursos económicos, marcos normativos claros y procesos de participación ciudadana para orientar el desarrollo de la nutrición infantil y los hábitos alimenticios en casa hacia resultados más justos y sostenibles.",plagio_moderado
"La nutrición infantil y los hábitos alimenticios en casa se ha convertido en un tema central en los debates actuales. En los últimos años, diversos estudios han mostrado cómo la nutrición infantil y los hábitos alimenticios en casa afecta tanto a las personas como a las instituciones. Las decisiones que se tomen hoy en relación con este fenómeno pueden influir en la calidad de vida de las próximas décadas.

Aunque existe un consenso general sobre su importancia, todavía hay desafíos pendientes. Se requiere inversión, políticas públicas bien diseñadas y una ciudadanía informada para aprovechar las oportunidades asociadas a la nutrición infantil y los hábitos alimenticios en casa y, al mismo tiempo, mitigar sus riesgos. La colaboración entre gobierno, academia y sociedad civil es clave para lograr avances sostenibles.","La nutrición infantil y los hábitos alimenticios en casa puede entenderse como un proceso en transformación constante. En lugar de analizar únicamente sus efectos inmediatos, es útil considerar también sus implicaciones a largo plazo. Este enfoque permite valorar con mayor precisión los beneficios y los riesgos que puede generar.

Uno de los desafíos principales consiste en diseñar estrategias que sean flexibles y que se adapten a contextos muy diferentes. No basta con aplicar una sola solución; se requiere experimentar, evaluar y ajustar continuamente las acciones relacionadas con la nutrición infantil y los hábitos alimenticios en casa.",plagio_leve
"La nutrición infantil y los hábitos alimenticios en casa se ha convertido en un tema central en los debates actuales. En los últimos años, diversos estudios han mostrado cómo la nutrición infantil y los hábitos alimenticios en casa afecta tanto a las personas como a las instituciones. Las decisiones que se tomen hoy en relación con este fenómeno pueden influir en la calidad de vida de las próximas décadas.

Aunque existe un consenso general sobre su importancia, todavía hay desafíos pendientes. Se requiere inversión, políticas públicas bien diseñadas y una ciudadanía informada para aprovechar las oportunidades asociadas a la nutrición infantil y los hábitos alimenticios en casa y, al mismo tiempo, mitigar sus riesgos. La colaboración entre gobierno, academia y sociedad civil es clave para lograr avances sostenibles.","Las catedrales góticas europeas constituye un campo de estudio independiente, con preguntas y métodos propios. A lo largo de la historia, especialistas han dedicado décadas a documentar y analizar sus características más relevantes, generando un cuerpo amplio de conocimientos.

Actualmente, el interés por las catedrales góticas europeas continúa vigente gracias a proyectos de investigación, exposiciones y actividades educativas. Estas iniciativas permiten que nuevas generaciones se acerquen al tema y comprendan mejor su valor cultural e histórico.",no_plagio
"La exploración espacial y las misiones a marte se ha convertido en un tema central en los debates actuales. En los últimos años, diversos estudios han mostrado cómo la exploración espacial y las misiones a Marte afecta tanto a las personas como a las instituciones. Las decisiones que se tomen hoy en relación con este fenómeno pueden influir en la calidad de vida de las próximas décadas.

Aunque existe un consenso general sobre su importancia, todavía hay desafíos pendientes. Se requiere inversión, políticas públicas bien diseñadas y una ciudadanía informada para aprovechar las oportunidades asociadas a la exploración espacial y las misiones a Marte y, al mismo tiempo, mitigar sus riesgos. La colaboración entre gobierno, academia y sociedad civil es clave para lograr avances sostenibles.","La exploración espacial y las misiones a marte se ha convertido en un tema central en los debates actuales. En los últimos años, numerosas investigaciones han demostrado cómo la exploración espacial y las misiones a Marte afecta tanto a las personas como a las instituciones. Las decisiones que se tomen hoy en relación con este fenómeno pueden influir en la calidad de vida de las próximas décadas.

Aunque existe un consenso general sobre su importancia, aún persisten varios retos importantes. Se requiere inversión, políticas públicas bien diseñadas y una ciudadanía informada para sacar el máximo provecho de las oportunidades vinculadas a la exploración espacial y las misiones a Marte y, al mismo tiempo, mitigar sus riesgos. La colaboración entre gobierno, academia y sociedad civil es clave para lograr avances sostenibles.",plagio_alto
"La exploración espacial y las misiones a marte se ha convertido en un tema central en los debates actuales. En los últimos años, diversos estudios han mostrado cómo la exploración espacial y las misiones a Marte afecta tanto a las personas como a las instituciones. Las decisiones que se tomen hoy en relación con este fenómeno pueden influir en la calidad de vida de las próximas décadas.

Aunque existe un consenso general sobre su importancia, todavía hay desafíos pendientes. Se requiere inversión, políticas públicas bien diseñadas y una ciudadanía informada para aprovechar las oportunidades asociadas a la exploración espacial y las misiones a Marte y, al mismo tiempo, mitigar sus riesgos. La colaboración entre gobierno, academia y sociedad civil es clave para lograr avances sostenibles.","En los debates contemporáneos, la exploración espacial y las misiones a Marte ocupa un lugar cada vez más visible. Investigaciones recientes señalan que este fenómeno tiene efectos directos sobre la vida cotidiana y sobre la manera en que operan distintas organizaciones. Las decisiones que se adopten en el presente podrían marcar el rumbo de las próximas generaciones.

A pesar de que muchas personas reconocen su relevancia, todavía no existe una respuesta definitiva sobre cómo gestionarlo de forma adecuada. Es necesario combinar recursos económicos, marcos normativos claros y procesos de participación ciudadana para orientar el desarrollo de la exploración espacial y las misiones a Marte hacia resultados más justos y sostenibles.",plagio_moderado
"La exploración espacial y las misiones a marte se ha convertido en un tema central en los debates actuales. En los últimos años, diversos estudios han mostrado cómo la exploración espacial y las misiones a Marte afecta tanto a las personas como a las instituciones. Las decisiones que se tomen hoy en relación con este fenómeno pueden influir en la calidad de vida de las próximas décadas.

Aunque existe un consenso general sobre su importancia, todavía hay desafíos pendientes. Se requiere inversión, políticas públicas bien diseñadas y una ciudadanía informada para aprovechar las oportunidades asociadas a la exploración espacial y las misiones a Marte y, al mismo tiempo, mitigar sus riesgos. La colaboración entre gobierno, academia y sociedad civil es clave para lograr avances sostenibles.","La exploración espacial y las misiones a marte puede entenderse como un proceso en transformación constante. En lugar de analizar únicamente sus efectos inmediatos, es útil considerar también sus implicaciones a largo plazo. Este enfoque permite valorar con mayor precisión los beneficios y los riesgos que puede generar.

Uno de los desafíos principales consiste en diseñar estrategias que sean flexibles y que se adapten a contextos muy diferentes. No basta con aplicar una sola solución; se requiere experimentar, evaluar y ajustar continuamente las acciones relacionadas con la exploración espacial y las misiones a Marte.",plagio_leve
"La exploración espacial y las misiones a marte se ha convertido en un tema central en los debates actuales. En los últimos años, diversos estudios han mostrado cómo la exploración espacial y las misiones a Marte afecta tanto a las personas como a las instituciones. Las decisiones que se tomen hoy en relación con este fenómeno pueden influir en la calidad de vida de las próximas décadas.

Aunque existe un consenso general sobre su importancia, todavía hay desafíos pendientes. Se requiere inversión, políticas públicas bien diseñadas y una ciudadanía informada para aprovechar las oportunidades asociadas a la exploración espacial y las misiones a Marte y, al mismo tiempo, mitigar sus riesgos. La colaboración entre gobierno, academia y sociedad civil es clave para lograr avances sostenibles.","La cartografía medieval y los mapas marinos constituye un campo de estudio independiente, con preguntas y métodos propios. A lo largo de la historia, especialistas han dedicado décadas a documentar y analizar sus características más relevantes, generando un cuerpo amplio de conocimientos.

Actualmente, el interés por la cartografía medieval y los mapas marinos continúa vigente gracias a proyectos de investigación, exposiciones y actividades educativas. Estas iniciativas permiten que nuevas generaciones se acerquen al tema y comprendan mejor su valor cultural e histórico.",no_plagio
"La economía digital y el trabajo remoto se ha convertido en un tema central en los debates actuales. En los últimos años, diversos estudios han mostrado cómo la economía digital y el trabajo remoto afecta tanto a las personas como a las instituciones. Las decisiones que se tomen hoy en relación con este fenómeno pueden influir en la calidad de vida de las próximas décadas.

Aunque existe un consenso general sobre su importancia, todavía hay desafíos pendientes. Se requiere inversión, políticas públicas bien diseñadas y una ciudadanía informada para aprovechar las oportunidades asociadas a la economía digital y el trabajo remoto y, al mismo tiempo, mitigar sus riesgos. La colaboración entre gobierno, academia y sociedad civil es clave para lograr avances sostenibles.","La economía digital y el trabajo remoto se ha convertido en un tema central en los debates actuales. En los últimos años, numerosas investigaciones han demostrado cómo la economía digital y el trabajo remoto afecta tanto a las personas como a las instituciones. Las decisiones que se tomen hoy en relación con este fenómeno pueden influir en la calidad de vida de las próximas décadas.

Aunque existe un consenso general sobre su importancia, aún persisten varios retos importantes. Se requiere inversión, políticas públicas bien diseñadas y una ciudadanía informada para sacar el máximo provecho de las oportunidades vinculadas a la economía digital y el trabajo remoto y, al mismo tiempo, mitigar sus riesgos. La colaboración entre gobierno, academia y sociedad civil es clave para lograr avances sostenibles.",plagio_alto
"La economía digital y el trabajo remoto se ha convertido en un tema central en los debates actuales. En los últimos años, diversos estudios han mostrado cómo la economía digital y el trabajo remoto afecta tanto a las personas como a las instituciones. Las decisiones que se tomen hoy en relación con este fenómeno pueden influir en la calidad de vida de las próximas décadas.

Aunque existe un consenso general sobre su importancia, todavía hay desafíos pendientes. Se requiere inversión, políticas públicas bien diseñadas y una ciudadanía informada para aprovechar las oportunidades asociadas a la economía digital y el trabajo remoto y, al mismo tiempo, mitigar sus riesgos. La colaboración entre gobierno, academia y sociedad civil es clave para lograr avances sostenibles.","En los debates contemporáneos, la economía digital y el trabajo remoto ocupa un lugar cada vez más visible. Investigaciones recientes señalan que este fenómeno tiene efectos directos sobre la vida cotidiana y sobre la manera en que operan distintas organizaciones. Las decisiones que se adopten en el presente podrían marcar el rumbo de las próximas generaciones.

A pesar de que muchas personas reconocen su relevancia, todavía no existe una respuesta definitiva sobre cómo gestionarlo de forma adecuada. Es necesario combinar recursos económicos, marcos normativos claros y procesos de participación ciudadana para orientar el desarrollo de la economía digital y el trabajo remoto hacia resultados más justos y sostenibles.",plagio_moderado
"La economía digital y el trabajo remoto se ha convertido en un tema central en los debates actuales. En los últimos años, diversos estudios han mostrado cómo la economía digital y el trabajo remoto afecta tanto a las personas como a las instituciones. Las decisiones que se tomen hoy en relación con este fenómeno pueden influir en la calidad de vida de las próximas décadas.

Aunque existe un consenso general sobre su importancia, todavía hay desafíos pendientes. Se requiere inversión, políticas públicas bien diseñadas y una ciudadanía informada para aprovechar las oportunidades asociadas a la economía digital y el trabajo remoto y, al mismo tiempo, mitigar sus riesgos. La colaboración entre gobierno, academia y sociedad civil es clave para lograr avances sostenibles.","La economía digital y el trabajo remoto puede entenderse como un proceso en transformación constante. En lugar de analizar únicamente sus efectos inmediatos, es útil considerar también sus implicaciones a largo plazo. Este enfoque permite valorar con mayor precisión los beneficios y los riesgos que puede generar.

Uno de los desafíos principales consiste en diseñar estrategias que sean flexibles y que se adapten a contextos muy diferentes. No basta con aplicar una sola solución; se requiere experimentar, evaluar y ajustar continuamente las acciones relacionadas con la economía digital y el trabajo remoto.",plagio_leve
"La economía digital y el trabajo remoto se ha convertido en un tema central en los debates actuales. En los últimos años, diversos estudios han mostrado cómo la economía digital y el trabajo remoto afecta tanto a las personas como a las instituciones. Las decisiones que se tomen hoy en relación con este fenómeno pueden influir en la calidad de vida de las próximas décadas.

Aunque existe un consenso general sobre su importancia, todavía hay desafíos pendientes. Se requiere inversión, políticas públicas bien diseñadas y una ciudadanía informada para aprovechar las oportunidades asociadas a la economía digital y el trabajo remoto y, al mismo tiempo, mitigar sus riesgos. La colaboración entre gobierno, academia y sociedad civil es clave para lograr avances sostenibles.","Las formas de gobierno en las polis griegas constituye un campo de estudio independiente, con preguntas y métodos propios. A lo largo de la historia, especialistas han dedicado décadas a documentar y analizar sus características más relevantes, generando un cuerpo amplio de conocimientos.

Actualmente, el interés por las formas de gobierno en las polis griegas continúa vigente gracias a proyectos de investigación, exposiciones y actividades educativas. Estas iniciativas permiten que nuevas generaciones se acerquen al tema y comprendan mejor su valor cultural e histórico.",no_plagio
