File,Task,Category
t1_non1.txt,1,non
t1_non2.txt,1,non
t1_non3.txt,1,non
t1_non4.txt,1,non
t1_light1.txt,1,light
t1_light2.txt,1,light
t1_light3.txt,1,light
t1_light4.txt,1,light
t1_cut1.txt,1,cut
t1_cut2.txt,1,cut
t1_cut3.txt,1,cut
t1_cut4.txt,1,cut
t2_non1.txt,2,non
t2_non2.txt,2,non
t2_non3.txt,2,non
t2_non4.txt,2,non
t2_light1.txt,2,light
t2_light2.txt,2,light
t2_light3.txt,2,light
t2_light4.txt,2,light
t2_cut1.txt,2,cut
t2_cut2.txt,2,cut
t2_cut3.txt,2,cut
t2_cut4.txt,2,cut
t3_non1.txt,3,non
t3_non2.txt,3,non
t3_non3.txt,3,non
t3_non4.txt,3,non
t3_light1.txt,3,light
t3_light2.txt,3,light
t3_light3.txt,3,light
t3_light4.txt,3,light
t3_cut1.txt,3,cut
t3_cut2.txt,3,cut
t3_cut3.txt,3,cut
t3_cut4.txt,3,cut
t5_non1.txt,5,non
t5_non2.txt,5,non
t5_non3.txt,5,non
t5_non4.txt,5,non
t5_light1.txt,5,light
t5_light2.txt,5,light
t5_light3.txt,5,light
t5_light4.txt,5,light
t5_cut1.txt,5,cut
t5_cut2.txt,5,cut
t5_cut3.txt,5,cut
t5_cut4.txt,5,cut
t6_non1.txt,6,non
t6_non2.txt,6,non
t6_non3.txt,6,non
t6_non4.txt,6,non
t6_light1.txt,6,light
t6_light2.txt,6,light
t6_light3.txt,6,light
t6_light4.txt,6,light
t6_cut1.txt,6,cut
t6_cut2.txt,6,cut
t6_cut3.txt,6,cut
t6_cut4.txt,6,cut
t7_non1.txt,7,non
t7_non2.txt,7,non
t7_non3.txt,7,non
t7_non4.txt,7,non
t7_light1.txt,7,light
t7_light2.txt,7,light
t7_light3.txt,7,light
t7_light4.txt,7,light
t7_cut1.txt,7,cut
t7_cut2.txt,7,cut
t7_cut3.txt,7,cut
t7_cut4.txt,7,cut